trial,method,case_id,epochs,run_dir,lr,costScaling,hidden_features,hidden_layers,alpha,beta,seed,runtime_seconds,final_cost,best_cost,final_mse,best_mse,omega0
1,inr_fwi,1,35,runs\tuning\inr_tuning_case1_20260525_022437\trial001_inr_fwi_case1_lr3e-05_cs1e+08_hf128_hl4,3e-05,100000000.0,128,4,-0.5,0.2,50,634.2972443000035,9.106112565382407e-12,9.106112565382407e-12,0.12256767600774765,0.12256767600774765,
2,inr_fwi,1,35,runs\tuning\inr_tuning_case1_20260525_022437\trial002_inr_fwi_case1_lr3e-05_cs3e+08_hf128_hl4,3e-05,300000000.0,128,4,-0.5,0.2,50,627.7455519000068,9.104484527400203e-12,9.104484527400203e-12,0.1225583627820015,0.1225583627820015,
3,inr_fwi,1,35,runs\tuning\inr_tuning_case1_20260525_022437\trial003_inr_fwi_case1_lr3e-05_cs1e+09_hf128_hl4,3e-05,1000000000.0,128,4,-0.5,0.2,50,626.7986685000069,9.103958906186982e-12,9.103958906186982e-12,0.12255477905273438,0.12255477905273438,
4,inr_fwi,1,35,runs\tuning\inr_tuning_case1_20260525_022437\trial004_inr_fwi_case1_lr3e-05_cs3e+09_hf128_hl4,3e-05,3000000000.0,128,4,-0.5,0.2,50,626.6672456000088,9.103813189415e-12,9.103813189415e-12,0.12255372107028961,0.12255372107028961,
5,inr_fwi,1,35,runs\tuning\inr_tuning_case1_20260525_022437\trial005_inr_fwi_case1_lr3e-05_cs1e+10_hf128_hl4,3e-05,10000000000.0,128,4,-0.5,0.2,50,627.1443592999858,9.10376114771072e-12,9.10376114771072e-12,0.12255332618951797,0.12255332618951797,
6,inr_fwi,1,35,runs\tuning\inr_tuning_case1_20260525_022437\trial006_inr_fwi_case1_lr1e-04_cs1e+08_hf128_hl4,0.0001,100000000.0,128,4,-0.5,0.2,50,627.1997742999811,6.814614844641298e-12,6.814614844641298e-12,0.0995873510837555,0.0995873510837555,
7,inr_fwi,1,35,runs\tuning\inr_tuning_case1_20260525_022437\trial007_inr_fwi_case1_lr1e-04_cs3e+08_hf128_hl4,0.0001,300000000.0,128,4,-0.5,0.2,50,626.3565074999933,6.810031271536898e-12,6.810031271536898e-12,0.09954440593719482,0.09954440593719482,
8,inr_fwi,1,35,runs\tuning\inr_tuning_case1_20260525_022437\trial008_inr_fwi_case1_lr1e-04_cs1e+09_hf128_hl4,0.0001,1000000000.0,128,4,-0.5,0.2,50,626.4232527000131,6.808579307987506e-12,6.808579307987506e-12,0.09952908009290695,0.09952908009290695,
9,inr_fwi,1,35,runs\tuning\inr_tuning_case1_20260525_022437\trial009_inr_fwi_case1_lr1e-04_cs3e+09_hf128_hl4,0.0001,3000000000.0,128,4,-0.5,0.2,50,626.6568041999999,6.808179020545424e-12,6.808179020545424e-12,0.09952428936958313,0.09952428936958313,
10,inr_fwi,1,35,runs\tuning\inr_tuning_case1_20260525_022437\trial010_inr_fwi_case1_lr1e-04_cs1e+10_hf128_hl4,0.0001,10000000000.0,128,4,-0.5,0.2,50,627.9408715000027,6.808040242667346e-12,6.808040242667346e-12,0.09952270984649658,0.09952270984649658,
11,inr_fwi,1,35,runs\tuning\inr_tuning_case1_20260525_022437\trial011_inr_fwi_case1_lr3e-04_cs1e+08_hf128_hl4,0.0003,100000000.0,128,4,-0.5,0.2,50,625.743237799994,4.094018960648649e-12,4.094018960648649e-12,0.041435208171606064,0.041435208171606064,
12,inr_fwi,1,35,runs\tuning\inr_tuning_case1_20260525_022437\trial012_inr_fwi_case1_lr3e-04_cs3e+08_hf128_hl4,0.0003,300000000.0,128,4,-0.5,0.2,50,627.4647901999997,4.089542073038022e-12,4.089542073038022e-12,0.04129033908247948,0.04129033908247948,
13,inr_fwi,1,35,runs\tuning\inr_tuning_case1_20260525_022437\trial013_inr_fwi_case1_lr3e-04_cs1e+09_hf128_hl4,0.0003,1000000000.0,128,4,-0.5,0.2,50,632.8966359000187,4.08810702304252e-12,4.08810702304252e-12,0.04124367609620094,0.04124367609620094,
14,inr_fwi,1,35,runs\tuning\inr_tuning_case1_20260525_022437\trial014_inr_fwi_case1_lr3e-04_cs3e+09_hf128_hl4,0.0003,3000000000.0,128,4,-0.5,0.2,50,633.0484646999976,4.087694592536106e-12,4.087694592536106e-12,0.04122919216752052,0.04122919216752052,
15,inr_fwi,1,35,runs\tuning\inr_tuning_case1_20260525_022437\trial015_inr_fwi_case1_lr3e-04_cs1e+10_hf128_hl4,0.0003,10000000000.0,128,4,-0.5,0.2,50,632.6318616000062,4.087554079934552e-12,4.087554079934552e-12,0.041224583983421326,0.041224583983421326,
16,inr_siren_fwi,1,35,runs\tuning\inr_tuning_case1_20260525_022437\trial016_inr_siren_fwi_case1_lr3e-05_cs1e+08_hf128_hl4_w3e+01,3e-05,100000000.0,128,4,-0.5,0.2,50,661.7823784000066,6.904119637107797e-12,6.904119637107797e-12,0.10211192816495895,0.10211192816495895,30.0
17,inr_siren_fwi,1,35,runs\tuning\inr_tuning_case1_20260525_022437\trial017_inr_siren_fwi_case1_lr3e-05_cs3e+08_hf128_hl4_w3e+01,3e-05,300000000.0,128,4,-0.5,0.2,50,662.3359338000009,6.903619169384978e-12,6.903619169384978e-12,0.10211165994405746,0.10211165994405746,30.0
18,inr_siren_fwi,1,35,runs\tuning\inr_tuning_case1_20260525_022437\trial018_inr_siren_fwi_case1_lr3e-05_cs1e+09_hf128_hl4_w3e+01,3e-05,1000000000.0,128,4,-0.5,0.2,50,662.9037430000026,6.903451768569546e-12,6.903451768569546e-12,0.10211165994405746,0.10211165994405746,30.0
19,inr_siren_fwi,1,35,runs\tuning\inr_tuning_case1_20260525_022437\trial019_inr_siren_fwi_case1_lr3e-05_cs3e+09_hf128_hl4_w3e+01,3e-05,3000000000.0,128,4,-0.5,0.2,50,667.1163102999853,6.903406665759171e-12,6.903406665759171e-12,0.10211168229579926,0.10211168229579926,30.0
20,inr_siren_fwi,1,35,runs\tuning\inr_tuning_case1_20260525_022437\trial020_inr_siren_fwi_case1_lr3e-05_cs1e+10_hf128_hl4_w3e+01,3e-05,10000000000.0,128,4,-0.5,0.2,50,663.5048750999849,6.903392787971363e-12,6.903392787971363e-12,0.10211169719696045,0.10211169719696045,30.0
21,inr_siren_fwi,1,35,runs\tuning\inr_tuning_case1_20260525_022437\trial021_inr_siren_fwi_case1_lr1e-04_cs1e+08_hf128_hl4_w3e+01,0.0001,100000000.0,128,4,-0.5,0.2,50,664.2979348000081,4.898367302053064e-12,4.898367302053064e-12,0.09486391395330429,0.09486391395330429,30.0
22,inr_siren_fwi,1,35,runs\tuning\inr_tuning_case1_20260525_022437\trial022_inr_siren_fwi_case1_lr1e-04_cs3e+08_hf128_hl4_w3e+01,0.0001,300000000.0,128,4,-0.5,0.2,50,664.0265784999938,4.897689458854826e-12,4.897689458854826e-12,0.09487071633338928,0.09487071633338928,30.0
23,inr_siren_fwi,1,35,runs\tuning\inr_tuning_case1_20260525_022437\trial023_inr_siren_fwi_case1_lr1e-04_cs1e+09_hf128_hl4_w3e+01,0.0001,1000000000.0,128,4,-0.5,0.2,50,662.7744238000014,4.897458740632521e-12,4.897458740632521e-12,0.09487304836511612,0.09487304836511612,30.0
24,inr_siren_fwi,1,35,runs\tuning\inr_tuning_case1_20260525_022437\trial024_inr_siren_fwi_case1_lr1e-04_cs3e+09_hf128_hl4_w3e+01,0.0001,3000000000.0,128,4,-0.5,0.2,50,664.1204089999956,4.897407132609111e-12,4.897407132609111e-12,0.09487374871969223,0.09487374871969223,30.0
25,inr_siren_fwi,1,35,runs\tuning\inr_tuning_case1_20260525_022437\trial025_inr_siren_fwi_case1_lr1e-04_cs1e+10_hf128_hl4_w3e+01,0.0001,10000000000.0,128,4,-0.5,0.2,50,662.6958084000216,4.897394122183041e-12,4.897394122183041e-12,0.09487398713827133,0.09487398713827133,30.0
26,inr_siren_fwi,1,35,runs\tuning\inr_tuning_case1_20260525_022437\trial026_inr_siren_fwi_case1_lr3e-04_cs1e+08_hf128_hl4_w3e+01,0.0003,100000000.0,128,4,-0.5,0.2,50,664.0371179000067,2.97043899893934e-12,2.97043899893934e-12,0.08346552401781082,0.08346552401781082,30.0
27,inr_siren_fwi,1,35,runs\tuning\inr_tuning_case1_20260525_022437\trial027_inr_siren_fwi_case1_lr3e-04_cs3e+08_hf128_hl4_w3e+01,0.0003,300000000.0,128,4,-0.5,0.2,50,664.402202600002,2.9704580808975756e-12,2.9704580808975756e-12,0.08348692208528519,0.08348692208528519,30.0
28,inr_siren_fwi,1,35,runs\tuning\inr_tuning_case1_20260525_022437\trial028_inr_siren_fwi_case1_lr3e-04_cs1e+09_hf128_hl4_w3e+01,0.0003,1000000000.0,128,4,-0.5,0.2,50,663.6411522999988,2.9705196635809727e-12,2.9705196635809727e-12,0.08349848538637161,0.08349848538637161,30.0
29,inr_siren_fwi,1,35,runs\tuning\inr_tuning_case1_20260525_022437\trial029_inr_siren_fwi_case1_lr3e-04_cs3e+09_hf128_hl4_w3e+01,0.0003,3000000000.0,128,4,-0.5,0.2,50,663.8864319999993,2.970551539124844e-12,2.970551539124844e-12,0.08350292593240738,0.08350292593240738,30.0
30,inr_siren_fwi,1,35,runs\tuning\inr_tuning_case1_20260525_022437\trial030_inr_siren_fwi_case1_lr3e-04_cs1e+10_hf128_hl4_w3e+01,0.0003,10000000000.0,128,4,-0.5,0.2,50,664.264873099979,2.970574741051335e-12,2.970574741051335e-12,0.08350500464439392,0.08350500464439392,30.0
