epoch,cost,mse,gamma_min,gamma_max,gamma_mean,gamma_std,adjoint_grad_min,adjoint_grad_max,adjoint_grad_mean,adjoint_grad_std,adjoint_grad_norm,scaled_grad_min,scaled_grad_max,scaled_grad_norm,param_grad_norm,delta_gamma_mean_abs,delta_gamma_max_abs,delta_gamma_std,tv_raw,tv_loss,tv_weight,tv_type
0,6.892221168786072e-12,0.016010070219635963,0.9933071732521057,0.9933090806007385,0.9933079481124878,3.4710183172137477e-07,-1.3747104854206632e-13,1.0529713223312448e-13,-2.470075923229016e-16,3.5062835677967565e-15,6.362684901520255e-13,-0.00013747105549555272,0.00010529713472351432,0.0006362684071063995,5.4101664104491854e-05,2.2303956939140335e-06,3.3974647521972656e-06,2.6784746864905173e-07,0.0,0.0,0.0,anisotropic
1,6.892202954189575e-12,0.01601012423634529,0.9933091998100281,0.9933119416236877,0.9933102130889893,4.1702134012666647e-07,-1.3747007276011108e-13,1.0529617677995998e-13,-2.4700544827075386e-16,3.506260274390707e-15,6.362642075534441e-13,-0.0001374700659653172,0.00010529617429710925,0.0006362642161548138,5.413959897656991e-05,2.214981577708386e-06,3.5762786865234375e-06,2.889762811264518e-07,0.0,0.0,0.0,anisotropic
2,6.892181270146125e-12,0.016010181978344917,0.9933109879493713,0.9933153986930847,0.993312418460846,6.411393655980646e-07,-1.37469110530683e-13,1.0529513323536896e-13,-2.470026424741161e-16,3.5062346516440525e-15,6.362595454841025e-13,-0.00013746910553891212,0.00010529513383517042,0.0006362595595419407,5.4267217364876824e-05,2.3739175958326086e-06,4.172325134277344e-06,3.615018329128361e-07,0.0,0.0,0.0,anisotropic
3,6.892157851379199e-12,0.01601024530827999,0.993312656879425,0.9933191537857056,0.9933147430419922,9.440805683880171e-07,-1.3746791790829327e-13,1.0529391350792491e-13,-2.469997837379191e-16,3.5062062760403195e-15,6.362544497338918e-13,-0.0001374679122818634,0.00010529391147429124,0.0006362544372677803,5.448638289590714e-05,2.6290654204785824e-06,4.887580871582031e-06,4.6541046572201594e-07,0.0,0.0,0.0,anisotropic
4,6.892128361080108e-12,0.016010312363505363,0.9933143854141235,0.9933240413665771,0.9933174252510071,1.3961233662485029e-06,-1.3746650844546904e-13,1.0529250404510068e-13,-2.4699607796877486e-16,3.506171547689482e-15,6.362481071511827e-13,-0.00013746651529800147,0.0001052925072144717,0.0006362480926327407,5.4817444000300956e-05,2.9432703740894794e-06,5.781650543212891e-06,6.027495373928105e-07,0.0,0.0,0.0,anisotropic
5,6.892091064525374e-12,0.016010388731956482,0.9933161735534668,0.9933298230171204,0.9933203458786011,1.9686408450070303e-06,-1.3746481437957453e-13,1.0529074221657039e-13,-2.4699163104580178e-16,3.506129619558593e-15,6.362404635258667e-13,-0.00013746481272391975,0.00010529073915677145,0.0006362404674291611,5.529286289384973e-05,3.305756763438694e-06,6.735324859619141e-06,7.764325005155115e-07,0.0,0.0,0.0,anisotropic
6,6.892047696438475e-12,0.016010474413633347,0.9933180212974548,0.99333655834198,0.9933236837387085,2.748370889094076e-06,-1.3746280860555543e-13,1.0528872289002414e-13,-2.4698649590855905e-16,3.5060802798894154e-15,6.362315188579437e-13,-0.00013746280455961823,0.00010528872371651232,0.0006362315034493804,5.5952946326372545e-05,3.703593392856419e-06,7.867813110351562e-06,9.911533425110974e-07,0.0,0.0,0.0,anisotropic
7,6.891995221053326e-12,0.01601056568324566,0.9933198094367981,0.9933444261550903,0.9933273792266846,3.7427610095619457e-06,-1.3746043691330312e-13,1.052862969876632e-13,-2.4698014316145464e-16,3.5060211993413444e-15,6.362207852564361e-13,-0.000137460432597436,0.00010528629354666919,0.0006362207932397723,5.684228924990103e-05,4.126613930566236e-06,8.940696716308594e-06,1.2499205013227765e-06,0.0,0.0,0.0,anisotropic
8,6.891929735242108e-12,0.016010666266083717,0.993321418762207,0.9933533072471619,0.9933315515518188,4.9709828999766614e-06,-1.3745771285534475e-13,1.0528342385190612e-13,-2.4697257280448855e-16,3.505951107364959e-15,6.362079916708008e-13,-0.0001374577113892883,0.0001052834268193692,0.0006362079875543714,5.800778108525734e-05,4.5611541281687096e-06,1.0013580322265625e-05,1.5585950450258679e-06,0.0,0.0,0.0,anisotropic
9,6.891853841090034e-12,0.016010774299502373,0.9933229088783264,0.9933632612228394,0.9933360815048218,6.4832383941393346e-06,-1.3745464998420748e-13,1.0528018479791582e-13,-2.46963705428322e-16,3.5058697922020227e-15,6.361931923111463e-13,-0.00013745465548709035,0.00010528018174227327,0.0006361932028084993,5.949891517432449e-05,4.992778485757299e-06,1.1205673217773438e-05,1.9252988749940414e-06,0.0,0.0,0.0,anisotropic
10,6.8917632017884145e-12,0.016010891646146774,0.9933240413665771,0.993374228477478,0.9933410882949829,8.364125278603751e-06,-1.3745130250999993e-13,1.0527653916811083e-13,-2.469533028049385e-16,3.505775348028404e-15,6.361760077067125e-13,-0.00013745130854658782,0.00010527653648750857,0.000636175973340869,6.136968636568854e-05,5.413419785327278e-06,1.2576580047607422e-05,2.3615236841578735e-06,0.0,0.0,0.0,anisotropic
11,6.891656516294642e-12,0.016011014580726624,0.993324875831604,0.9933863282203674,0.9933465123176575,1.0677704267436638e-05,-1.3744752135492339e-13,1.0527242597611897e-13,-2.4694128552499935e-16,3.5056677748441026e-15,6.361564378574991e-13,-0.00013744752504862845,0.00010527242557145655,0.000636156415566802,6.367738956289955e-05,5.8121513575315475e-06,1.3887882232666016e-05,2.876013468267047e-06,0.0,0.0,0.0,anisotropic
12,6.8915324835661096e-12,0.01601114496588707,0.9933252334594727,0.9933995604515076,0.9933522939682007,1.3500963177648373e-05,-1.3744340138666794e-13,1.0526787232699453e-13,-2.4692738889070846e-16,3.5055441080338035e-15,6.3613394066242e-13,-0.00013744340685661882,0.00010526787082199007,0.0006361339474096894,6.647838630167326e-05,6.185146048665047e-06,1.519918441772461e-05,3.4742661227937788e-06,0.0,0.0,0.0,anisotropic
13,6.8913902362410795e-12,0.016011280938982964,0.9933249950408936,0.9934141039848328,0.9933584928512573,1.6899635738809593e-05,-1.3743903747292369e-13,1.0526282401062889e-13,-2.4691153349272704e-16,3.505405829905164e-15,6.361087871720184e-13,-0.0001374390412820503,0.00010526282130740583,0.0006361087434925139,6.982467410641473e-05,6.5891836129594594e-06,1.6510486602783203e-05,4.1606385821069125e-06,0.0,0.0,0.0,anisotropic
14,6.891225003829993e-12,0.016011422500014305,0.9933241009712219,0.9934300184249878,0.9933649897575378,2.0984331058571115e-05,-1.3743423987831044e-13,1.0525722004064986e-13,-2.468934811030387e-16,3.5052495523263958e-15,6.360803810750992e-13,-0.00013743423915002495,0.00010525721882004291,0.0006360802799463272,7.376347142245272e-05,7.008911779848859e-06,1.7821788787841797e-05,4.941830866300734e-06,0.0,0.0,0.0,anisotropic
15,6.891035918971111e-12,0.016011565923690796,0.9933224320411682,0.993447482585907,0.9933717846870422,2.5837658540694974e-05,-1.374291034705183e-13,1.0525105364079385e-13,-2.4687299349362697e-16,3.505074428264551e-15,6.360483971110109e-13,-0.00013742910232394934,0.0001052510560839437,0.0006360483821481466,7.833823578895731e-05,7.438520697178319e-06,1.9252300262451172e-05,5.824514573760098e-06,0.0,0.0,0.0,anisotropic
16,6.890819512217483e-12,0.016011711210012436,0.9933199882507324,0.9934661984443665,0.9933788180351257,3.153931538690813e-05,-1.3742349272427568e-13,1.0524423671963434e-13,-2.468499383155939e-16,3.504879187170209e-15,6.36012889489862e-13,-0.00013742349983658642,0.0001052442385116592,0.0006360128754749894,8.358860507716314e-05,7.91540151112713e-06,2.086162567138672e-05,6.817733265052084e-06,0.0,0.0,0.0,anisotropic
17,6.8905731814838944e-12,0.016011860221624374,0.993316650390625,0.9934862852096558,0.9933860301971436,3.8273170503089204e-05,-1.374174076395826e-13,1.0523676250090777e-13,-2.4682399793158423e-16,3.5046612879445277e-15,6.35973207690349e-13,-0.00013741740258410573,0.00010523676610318944,0.0006359731778502464,8.954928199668003e-05,8.489871106576174e-06,2.2530555725097656e-05,7.929495041025802e-06,0.0,0.0,0.0,anisotropic
18,6.890296493089476e-12,0.016012009233236313,0.9933122396469116,0.9935079216957092,0.9933933615684509,4.607449591276236e-05,-1.3741079400633044e-13,1.0522850901186973e-13,-2.4679490764380196e-16,3.5044194600380866e-15,6.359291890821461e-13,-0.00013741079601459205,0.00010522850789129734,0.0006359291728585958,9.624901449070512e-05,9.261446393793449e-06,2.4557113647460938e-05,9.167981261271052e-06,0.0,0.0,0.0,anisotropic
19,6.889982074459455e-12,0.016012152656912804,0.9933035969734192,0.9935311675071716,0.9934007525444031,5.51222765352577e-05,-1.3740361116693772e-13,1.052194762525202e-13,-2.467624027544511e-16,3.50415073883557e-15,6.358802373540584e-13,-0.00013740360736846924,0.00010521947842789814,0.0006358802202157676,0.00010371014250636699,1.0233708962914534e-05,2.6524066925048828e-05,1.0539783033891581e-05,0.0,0.0,0.0,anisotropic
20,6.889629925593832e-12,0.016012296080589294,0.9932922720909119,0.9935567378997803,0.9934080839157104,6.554467836394906e-05,-1.3739588622645876e-13,1.052094202773704e-13,-2.4672621856573556e-16,3.5038538537875575e-15,6.3582618987576e-13,-0.00013739588030148298,0.00010520942305447534,0.000635826145298779,0.00011195015042735812,1.1391273801564239e-05,2.849102020263672e-05,1.2053174032189418e-05,0.0,0.0,0.0,anisotropic
21,6.889235709683916e-12,0.01601242646574974,0.9932779669761658,0.9935843348503113,0.9934154152870178,7.744636241113767e-05,-1.3738747010709484e-13,1.051984698354283e-13,-2.466860639100798e-16,3.503526263795207e-15,6.357665045461647e-13,-0.00013738746929448098,0.00010519847273826599,0.0006357664824463427,0.00012098326286367861,1.2738390068989247e-05,3.045797348022461e-05,1.3715959539695177e-05,0.0,0.0,0.0,anisotropic
22,6.888796824644494e-12,0.01601255312561989,0.9932606816291809,0.9936140179634094,0.9934225082397461,9.100387251237407e-05,-1.3737840346642743e-13,1.0518655038779454e-13,-2.4664170055946734e-16,3.503166063034387e-15,6.357009645248379e-13,-0.0001373784034512937,0.00010518654744373634,0.0006357009988278151,0.00013081972402315646,1.4310648111859336e-05,3.24249267578125e-05,1.5532134057139046e-05,0.0,0.0,0.0,anisotropic
23,6.888309367347745e-12,0.01601266674697399,0.993240237236023,0.9936457872390747,0.99342942237854,0.00010637456580298021,-1.3736883538225525e-13,1.0517352640919755e-13,-2.465928373463226e-16,3.502771980955677e-15,6.356291361309108e-13,-0.00013736882829107344,0.00010517352347960696,0.0006356291123665869,0.00014146249200129845,1.604498720553238e-05,3.457069396972656e-05,1.750160299707204e-05,0.0,0.0,0.0,anisotropic
24,6.887772036751061e-12,0.01601276732981205,0.9932163953781128,0.9936795234680176,0.9934359788894653,0.00012368144234642386,-1.3735853546161664e-13,1.0515949276732744e-13,-2.4653923604262917e-16,3.502341264701998e-15,6.355506398936228e-13,-0.00013735854008700699,0.00010515949543332681,0.0006355506484396756,0.00015290400735056868,1.7925374777405523e-05,3.68952751159668e-05,1.9618064470705576e-05,0.0,0.0,0.0,anisotropic
25,6.887180496045753e-12,0.016012853011488914,0.9931890368461609,0.9937153458595276,0.993442177772522,0.0001431042473996058,-1.3734770699241894e-13,1.0514431393691265e-13,-2.464805260714726e-16,3.501870949658035e-15,6.354649879219965e-13,-0.00013734771346207708,0.00010514431050978601,0.0006354650249704719,0.0001651264712900743,1.9984914615633897e-05,3.927946090698242e-05,2.187578684242908e-05,0.0,0.0,0.0,anisotropic
26,6.8865334441892134e-12,0.016012925654649734,0.9931581020355225,0.9937533736228943,0.99344801902771,0.00016476167365908623,-1.373363635271893e-13,1.0512806445685252e-13,-2.464165486141753e-16,3.5013618828567353e-15,6.35372288636249e-13,-0.00013733636296819896,0.00010512806329643354,0.0006353723001666367,0.00017810399255153043,2.2203785192687064e-05,4.1604042053222656e-05,2.4262790248030797e-05,0.0,0.0,0.0,anisotropic
27,6.885828712777098e-12,0.016012977808713913,0.9931236505508423,0.9937934875488281,0.993453323841095,0.00018877812544815242,-1.3732434243560188e-13,1.0511065623572055e-13,-2.4634727720095767e-16,3.5008119467157305e-15,6.352721083555113e-13,-0.00013732434308622032,0.00010511065920582041,0.0006352721247822046,0.00019180454677485823,2.4559984012739733e-05,4.392862319946289e-05,2.6765716029331088e-05,0.0,0.0,0.0,anisotropic
28,6.885062832362454e-12,0.01601301319897175,0.9930856823921204,0.9938357472419739,0.9934580326080322,0.0002152717934222892,-1.3731186055809114e-13,1.050920079583538e-13,-2.4627228831534606e-16,3.5002198706855997e-15,6.351641760292404e-13,-0.00013731185754295439,0.00010509201092645526,0.0006351641495712101,0.00020619031511892328,2.704614780668635e-05,4.6253204345703125e-05,2.9368940886342898e-05,0.0,0.0,0.0,anisotropic
29,6.884237103987889e-12,0.016013024374842644,0.9930444955825806,0.9938800930976868,0.9934621453285217,0.00024435707018710673,-1.372987010542226e-13,1.0507216028233374e-13,-2.461917407760181e-16,3.499584807733396e-15,6.350485458675448e-13,-0.00013729870261158794,0.00010507216211408377,0.000635048549156636,0.00022121827440728132,2.9640716093126684e-05,4.83393669128418e-05,3.2057232601800933e-05,0.0,0.0,0.0,anisotropic
30,6.883347190844713e-12,0.0160130113363266,0.9930002093315125,0.9939265847206116,0.9934654831886292,0.0002761033538263291,-1.372848774765234e-13,1.050510725500789e-13,-2.4610531694561856e-16,3.4989061225844083e-15,6.349248926097728e-13,-0.000137284878292121,0.00010505106911296025,0.0006349248578771949,0.00023684054034050792,3.2313088013324887e-05,5.066394805908203e-05,3.481438761809841e-05,0.0,0.0,0.0,anisotropic
31,6.882394393975533e-12,0.016012970358133316,0.9929529428482056,0.9939751029014587,0.9934680461883545,0.0003105786454398185,-1.3727052535026513e-13,1.0502867022268991e-13,-2.4601309623348624e-16,3.498184026996874e-15,6.347933246761417e-13,-0.00013727053010370582,0.00010502867371542379,0.0006347933085635304,0.000253008315181264,3.505660788505338e-05,5.4717063903808594e-05,3.762810229090974e-05,0.0,0.0,0.0,anisotropic
32,6.881379147061217e-12,0.016012897714972496,0.9929013252258301,0.9940256476402283,0.9934698343276978,0.0003478329163044691,-1.372555091501762e-13,1.0500510237796551e-13,-2.4591510510940076e-16,3.4974191562455034e-15,6.346539504868687e-13,-0.00013725551252719015,0.00010500509961275384,0.0006346539594233036,0.0002696790225162691,3.78550284949597e-05,5.888938903808594e-05,4.049297422170639e-05,0.0,0.0,0.0,anisotropic
33,6.880297546973946e-12,0.01601278968155384,0.9928447008132935,0.9940784573554993,0.9934706687927246,0.0003879199211951345,-1.3723997795405535e-13,1.0498027414821559e-13,-2.458112641640233e-16,3.496612145605007e-15,6.34506878462171e-13,-0.00013723997108172625,0.00010498027404537424,0.0006345068686641753,0.00028682368343234274,4.07008956244681e-05,6.282329559326172e-05,4.341161547927186e-05,0.0,0.0,0.0,anisotropic
34,6.879151328437194e-12,0.016012640669941902,0.992783784866333,0.9941343665122986,0.9934704303741455,0.0004308776406105608,-1.3722374202652238e-13,1.0495416520464942e-13,-2.4570154692757427e-16,3.4957625715589108e-15,6.343521086020487e-13,-0.00013722374569624662,0.00010495416790945455,0.0006343521527014673,0.0003044259681325268,4.36011359852273e-05,6.663799285888672e-05,4.639274629880674e-05,0.0,0.0,0.0,anisotropic
35,6.877937455684879e-12,0.01601244881749153,0.992719292640686,0.9941923022270203,0.9934691190719604,0.0004768081125803292,-1.37206950445376e-13,1.0492677554726701e-13,-2.4558582105115565e-16,3.494870645865452e-15,6.341895866963931e-13,-0.0001372069527860731,0.00010492677392903715,0.0006341896369121969,0.00032247401460469647,4.6575361920986325e-05,7.039308547973633e-05,4.9434282118454576e-05,0.0,0.0,0.0,anisotropic
36,6.8766537603126565e-12,0.01601220853626728,0.9926510453224182,0.9942522048950195,0.9934666752815247,0.0005257328739389777,-1.371893999227089e-13,1.0489797642706036e-13,-2.4546395418586944e-16,3.4939355214916833e-15,6.340191501148784e-13,-0.00013718940317630768,0.00010489797568880022,0.0006340191466733813,0.0003409536741778395,4.9612935981713235e-05,7.432699203491211e-05,5.252401024335995e-05,0.0,0.0,0.0,anisotropic
37,6.875298073916181e-12,0.01601191982626915,0.9925788640975952,0.9943143129348755,0.9934629201889038,0.0005777039914391935,-1.3717103624841243e-13,1.0486791014556462e-13,-2.4533584045259723e-16,3.4929571984376045e-15,6.338409072777218e-13,-0.00013717103865928948,0.00010486791143193841,0.0006338409148156643,0.0003598475926924942,5.2676216000691056e-05,7.855892181396484e-05,5.564753882936202e-05,0.0,0.0,0.0,anisotropic
38,6.873869529133714e-12,0.01601158082485199,0.9925024509429932,0.994378387928009,0.9934579133987427,0.0006327510345727205,-1.371520085002853e-13,1.048364818350897e-13,-2.452014004420002e-16,3.491935464944979e-15,6.336546955545974e-13,-0.00013715200475417078,0.00010483647929504514,0.0006336547085084021,0.00037914001535917306,5.573948874371126e-05,8.386373519897461e-05,5.8795012591872364e-05,0.0,0.0,0.0,anisotropic
39,6.872368125965256e-12,0.016011185944080353,0.9924214482307434,0.9944443106651306,0.9934515357017517,0.000690885994117707,-1.3713215404800166e-13,1.0480373892948064e-13,-2.450606076842988e-16,3.490871168046754e-15,6.334607317859398e-13,-0.00013713215594179928,0.00010480373748578131,0.0006334607023745775,0.0003988192275744997,5.881774995941669e-05,9.02414321899414e-05,6.196209142217413e-05,0.0,0.0,0.0,anisotropic
40,6.870794731772545e-12,0.016010740771889687,0.992335319519043,0.9945120811462402,0.9934436082839966,0.0007521313382312655,-1.3711194723001197e-13,1.047697559676368e-13,-2.4491370040750937e-16,3.4897651547758767e-15,6.332591243919661e-13,-0.00013711194333154708,0.00010476975876372308,0.0006332591874524951,0.00041887947797387856,6.192474393174052e-05,9.804964065551758e-05,6.51630325592123e-05,0.0,0.0,0.0,anisotropic
41,6.869146744470367e-12,0.016010237857699394,0.9922431707382202,0.99458247423172,0.9934341907501221,0.000816530839074403,-1.3709098147050153e-13,1.0473451939703102e-13,-2.4476038744405634e-16,3.4886165780994e-15,6.330497649524591e-13,-0.00013709098857361823,0.00010473452130099759,0.0006330497562885284,0.00043931834644328173,6.510561797767878e-05,0.00010591745376586914,6.843502342235297e-05,0.0,0.0,0.0,anisotropic
42,6.867424164058722e-12,0.016009680926799774,0.9921451807022095,0.9946548342704773,0.9934229850769043,0.0008841275121085346,-1.3706954137254063e-13,1.0469804954645404e-13,-2.446007217334989e-16,3.487425861533797e-15,6.328327618876362e-13,-0.00013706953905057162,0.00010469804692547768,0.000632832816336304,0.000460133756338255,6.840789137640968e-05,0.00011336803436279297,7.181651017162949e-05,0.0,0.0,0.0,anisotropic
43,6.865624822133265e-12,0.01600906252861023,0.9920411109924316,0.9947289824485779,0.9934099316596985,0.0009550685063004494,-1.370475862785478e-13,1.0466042095480521e-13,-2.4443446504782064e-16,3.4861921580461213e-15,6.32607844146954e-13,-0.00013704758021049201,0.00010466042294865474,0.0006326078437268734,0.0004813213047190574,7.18631490599364e-05,0.00012063980102539062,7.531945448135957e-05,0.0,0.0,0.0,anisotropic
44,6.86374698397052e-12,0.016008388251066208,0.9919307231903076,0.9948047995567322,0.9933948516845703,0.0010294525418430567,-1.370252517137946e-13,1.046215523069216e-13,-2.4426159091724196e-16,3.484914620603425e-15,6.323749575203041e-13,-0.0001370252575725317,0.00010462155478307977,0.0006323749548755586,0.0005028771710114304,7.546756387455389e-05,0.00012832880020141602,7.894086593296379e-05,0.0,0.0,0.0,anisotropic
45,6.861792384293963e-12,0.01600765436887741,0.9918138980865479,0.9948822855949402,0.9933775663375854,0.0011074020294472575,-1.370026054409168e-13,1.04581511365439e-13,-2.4408201993242405e-16,3.4835932492057083e-15,6.321341020076865e-13,-0.00013700260024052113,0.00010458150791237131,0.0006321340915746987,0.0005247970003064438,7.92062928667292e-05,0.00013637542724609375,8.267284283647314e-05,0.0,0.0,0.0,anisotropic
46,6.859760155741856e-12,0.01600685901939869,0.9916905164718628,0.9949613809585571,0.9933578968048096,0.0011890288442373276,-1.3697970167002305e-13,1.0454030490662097e-13,-2.438958315027057e-16,3.4822278320947343e-15,6.318852233989924e-13,-0.00013697969552595168,0.00010454030416440219,0.0006318851956166327,0.0005470731445666549,8.30541830509901e-05,0.00014388561248779297,8.649683149997145e-05,0.0,0.0,0.0,anisotropic
47,6.8576502983141996e-12,0.016006000339984894,0.9915605187416077,0.9950417876243591,0.9933357238769531,0.0012744293780997396,-1.3695675724154782e-13,1.0449787194409532e-13,-2.4370291974896855e-16,3.4808190045452136e-15,6.316284301144393e-13,-0.00013695676170755178,0.00010449787077959627,0.0006316284416243434,0.000569696889105362,8.703236380824819e-05,0.00015079975128173828,9.038857388077304e-05,0.0,0.0,0.0,anisotropic
48,6.855463245691862e-12,0.016005076467990875,0.9914237856864929,0.9951233863830566,0.9933108687400818,0.0013636312214657664,-1.3693346044736654e-13,1.0445429379302498e-13,-2.4350346995966976e-16,3.4793676135900934e-15,6.313637763641355e-13,-0.00013693346409127116,0.00010445429506944492,0.0006313637713901699,0.0005926687581194116,9.108745871344581e-05,0.00015693902969360352,9.43417107919231e-05,0.0,0.0,0.0,anisotropic
49,6.853196829470498e-12,0.016004087403416634,0.9912803769111633,0.9952061176300049,0.9932830333709717,0.0014566911850124598,-1.369099332602236e-13,1.0440946880945629e-13,-2.4329740272547055e-16,3.477872176921716e-15,6.310910995177554e-13,-0.0001369099336443469,0.00010440946789458394,0.0006310910684987903,0.0006159980321494296,9.523073822492734e-05,0.00016242265701293945,9.837939433054999e-05,0.0,0.0,0.0,anisotropic
50,6.8508540854161915e-12,0.01600303128361702,0.991129994392395,0.9952900409698486,0.9932522773742676,0.0015536954160779715,-1.3688609436495608e-13,1.0436348508481574e-13,-2.430847180463709e-16,3.476333965089502e-15,6.308107248359507e-13,-0.00013688609760720283,0.0001043634838424623,0.0006308106821961701,0.0006396990852300716,9.951170795829967e-05,0.0001679062843322754,0.00010252748325001448,0.0,0.0,0.0,anisotropic
51,6.848432411443728e-12,0.016001898795366287,0.9909707307815552,0.9953749179840088,0.993218183517456,0.0016547271516174078,-1.3686198441914543e-13,1.0431631551404905e-13,-2.4286541592237086e-16,3.4747534016099256e-15,6.305224354782868e-13,-0.00013686198508366942,0.00010431631380924955,0.0006305224378593266,0.0006637948004578992,0.00010389936505816877,0.00017386674880981445,0.00010679182014428079,0.0,0.0,0.0,anisotropic
52,6.845930072829631e-12,0.016000691801309586,0.9908036589622498,0.9954607486724854,0.9931807518005371,0.0017599270213395357,-1.368374407924658e-13,1.0426802785979197e-13,-2.4263931106501316e-16,3.4731277336259078e-15,6.302261230245465e-13,-0.00013683743600267917,0.00010426803055452183,0.0006302261026576161,0.0006883210988119205,0.00010839762398973107,0.00018388032913208008,0.00011116878886241466,0.0,0.0,0.0,anisotropic
53,6.843347069573902e-12,0.015999402850866318,0.9906283020973206,0.9955474138259888,0.9931396842002869,0.0018693816382437944,-1.3681258545766156e-13,1.0421863567457168e-13,-2.4240637700451823e-16,3.471458655203343e-15,6.299217332646212e-13,-0.00013681258133146912,0.00010421863407827914,0.0006299217930063605,0.000713319460754409,0.00011301189806545153,0.00019675493240356445,0.0001156490616267547,0.0,0.0,0.0,anisotropic
54,6.8406803659104565e-12,0.015998024493455887,0.9904438257217407,0.9956348538398743,0.9930947422981262,0.0019832325633615255,-1.3678728288946118e-13,1.0416813895838817e-13,-2.4216640198264925e-16,3.4697442605181004e-15,6.296091577782936e-13,-0.00013678729010280222,0.0001041681389324367,0.0006296091014519334,0.0007388288477162114,0.0001177688391180709,0.00021123886108398438,0.00012023367162328213,0.0,0.0,0.0,anisotropic
55,6.837929528158426e-12,0.015996553003787994,0.9902494549751282,0.9957229495048523,0.9930456280708313,0.002101553836837411,-1.367616686131362e-13,1.0411661902640437e-13,-2.419192801202878e-16,3.4679834907789956e-15,6.292881255150207e-13,-0.00013676166418008506,0.00010411661787657067,0.0006292880862019956,0.0007648985724077098,0.0001228448818437755,0.00022560358047485352,0.000124947473523207,0.0,0.0,0.0,anisotropic
56,6.835093255275204e-12,0.01599498838186264,0.9900445342063904,0.9958116412162781,0.9929920434951782,0.0022245070431381464,-1.3673583749637674e-13,1.040639810109302e-13,-2.416649584778747e-16,3.466176981260739e-15,6.289586364748023e-13,-0.0001367358345305547,0.00010406398359918967,0.0006289586308412254,0.0007915913835539168,0.00012818860705010593,0.00024020671844482422,0.00012984045315533876,0.0,0.0,0.0,anisotropic
57,6.832168077813838e-12,0.01599332131445408,0.9898287057876587,0.9959006905555725,0.9929336309432983,0.002352283801883459,-1.367096946714927e-13,1.0401032655591932e-13,-2.414031723576139e-16,3.464322190864489e-15,6.286204196070955e-13,-0.00013670969929080456,0.00010401032341178507,0.0006286204443313181,0.0008189750142140432,0.0001337789581157267,0.00025385618209838867,0.0001349491358269006,0.0,0.0,0.0,anisotropic
58,6.8291544294551976e-12,0.01599155180156231,0.9896020293235779,0.9959901571273804,0.9928699731826782,0.002485092729330063,-1.3668342987386423e-13,1.0395556756994523e-13,-2.4113373647104825e-16,3.4624176372825876e-15,6.282730954411397e-13,-0.00013668343308381736,0.00010395556455478072,0.0006282731192186475,0.0008471168584757504,0.0001396079605910927,0.0002665519714355469,0.00014029240992385894,0.0,0.0,0.0,anisotropic
59,6.826047539709723e-12,0.01598968170583248,0.9893642663955688,0.9960799217224121,0.9928010702133179,0.0026231645606458187,-1.3665701599843705e-13,1.0389971760553507e-13,-2.4085649199950007e-16,3.46046099117443e-15,6.279162845061748e-13,-0.00013665702135767788,0.00010389971430413425,0.0006279163062572479,0.0008760821897806092,0.00014562813157681376,0.00027740001678466797,0.0001458804472349584,0.0,0.0,0.0,anisotropic
60,6.822843939130463e-12,0.015987709164619446,0.9891151189804077,0.9961699843406677,0.9927264451980591,0.0027667777612805367,-1.366305343603741e-13,1.0384276311016169e-13,-2.4057104189627537e-16,3.4584514055070693e-15,6.27549769961766e-13,-0.00013663053687196225,0.00010384276538388804,0.0006275498308241367,0.000905929967977595,0.00015182036440819502,0.00028651952743530273,0.00015170502592809498,0.0,0.0,0.0,anisotropic
61,6.819543194036548e-12,0.015985634177923203,0.9888541102409363,0.9962601661682129,0.9926459789276123,0.0029161302372813225,-1.366038765394581e-13,1.0378455500602637e-13,-2.4027722734269654e-16,3.456385703906953e-15,6.271731181270446e-13,-0.00013660387776326388,0.00010378455772297457,0.0006271731108427048,0.0009367193000513221,0.00015822250861674547,0.0002944469451904297,0.00015777639055158943,0.0,0.0,0.0,anisotropic
62,6.8161396665766816e-12,0.0159834586083889,0.9885807037353516,0.9963504076004028,0.992559552192688,0.00307149114087224,-1.3657712385085202e-13,1.0372512039818343e-13,-2.3997486305030635e-16,3.4542634628576072e-15,6.267861121615759e-13,-0.00013657711679115891,0.0001037251204252243,0.0006267860881052911,0.0009685212188768776,0.00016487286484334618,0.00030815601348876953,0.0001641400158405304,0.0,0.0,0.0,anisotropic
63,6.8126329230699945e-12,0.01598118059337139,0.9882941246032715,0.996440589427948,0.9924668073654175,0.003233096795156598,-1.3655012721675713e-13,1.036644186290514e-13,-2.396637902004272e-16,3.4520834118096115e-15,6.263885352249254e-13,-0.0001365501229884103,0.00010366441711084917,0.0006263885297812521,0.001001412032157917,0.00017181612201966345,0.00032442808151245117,0.0001708342315396294,0.0,0.0,0.0,anisotropic
64,6.809018626707797e-12,0.015978796407580376,0.987993597984314,0.9965305924415588,0.9923674464225769,0.0034012924879789352,-1.3652296795233637e-13,1.0360248357994817e-13,-2.393438764441611e-16,3.449845127246492e-15,6.25980278896876e-13,-0.00013652296911459416,0.00010360248415963724,0.000625980319455266,0.0010354713589580443,0.0001790850074030459,0.0003400444984436035,0.0001778511214070022,0.0,0.0,0.0,anisotropic
65,6.8052937417240056e-12,0.015976300463080406,0.9876787662506104,0.9966201782226562,0.9922609925270081,0.003576393472030759,-1.3649574092527983e-13,1.0353934235592804e-13,-2.390149100232712e-16,3.4475475503770647e-15,6.25561288967319e-13,-0.0001364957424812019,0.00010353934339946136,0.00062556128250435,0.001070794808608901,0.00018669076962396502,0.00035572052001953125,0.00018516161071602255,0.0,0.0,0.0,anisotropic
66,6.801453497629062e-12,0.015973681584000587,0.9873491525650024,0.9967093467712402,0.992146909236908,0.0037586395628750324,-1.364682970577888e-13,1.0347494752314598e-13,-2.3867678505863914e-16,3.4451911047178032e-15,6.251315112261457e-13,-0.0001364682975690812,0.00010347494389861822,0.0006251315353438258,0.0011074945738851632,0.00019469379913061857,0.00037151575088500977,0.00019280404376331717,0.0,0.0,0.0,anisotropic
67,6.797494858656883e-12,0.015970930457115173,0.9870043396949768,0.9967980980873108,0.9920245409011841,0.0039483727887272835,-1.3644060924480894e-13,1.0340933973918345e-13,-2.3832928979202806e-16,3.442775366752234e-15,6.246908914632476e-13,-0.0001364406052744016,0.00010340933658881113,0.00062469084514305,0.001145680020700108,0.00020317341841291636,0.00038939714431762695,0.00020083662820979953,0.0,0.0,0.0,anisotropic
68,6.7934087175092195e-12,0.01596803590655327,0.9866436123847961,0.9968864321708679,0.9918932318687439,0.004145951475948095,-1.3641267748634028e-13,1.0334253255656761e-13,-2.3797202717674396e-16,3.4402988541726992e-15,6.242392128381902e-13,-0.00013641268014907837,0.00010334253602195531,0.0006242392119020224,0.0011854655924256276,0.00021218621986918151,0.0004086494445800781,0.00020929107267875224,0.0,0.0,0.0,anisotropic
69,6.789192038419989e-12,0.015964992344379425,0.9862662553787231,0.9969743490219116,0.9917523860931396,0.004351749084889889,-1.3638448822985566e-13,1.0327455308035277e-13,-2.376047325149908e-16,3.4377611434627253e-15,6.237764211408647e-13,-0.00013638449308928102,0.00010327454947400838,0.0006237764027900994,0.0012269943656222702,0.00022165800328366458,0.0004285573959350586,0.0002182273892685771,0.0,0.0,0.0,anisotropic
70,6.784834846729204e-12,0.015961790457367897,0.9858723282814026,0.9970616698265076,0.9916012287139893,0.004566202871501446,-1.3635605502788223e-13,1.0320529289032168e-13,-2.372269293507358e-16,3.435162446380549e-15,6.233023537409454e-13,-0.0001363560586469248,0.00010320528963347897,0.0006233023595996201,0.0012704351566018197,0.00023192544176708907,0.0004481077194213867,0.00022775112302042544,0.0,0.0,0.0,anisotropic
71,6.780328902500354e-12,0.015958430245518684,0.9854609370231628,0.997148334980011,0.9914392232894897,0.004789829254150391,-1.3632720169756696e-13,1.0313474521021077e-13,-2.3683795593948886e-16,3.4324991630361448e-15,6.228165769575633e-13,-0.00013632720219902694,0.00010313474194845185,0.0006228165584616363,0.0013159511675029543,0.00024303470854647458,0.000476837158203125,0.00023796057212166488,0.0,0.0,0.0,anisotropic
72,6.775663797392584e-12,0.015954913571476936,0.9850308299064636,0.9972342848777771,0.9912658929824829,0.0050232019275426865,-1.3629795534396416e-13,1.0306280839606635e-13,-2.3643728288565797e-16,3.4297689640889074e-15,6.223184944795235e-13,-0.00013629795284941792,0.00010306281183147803,0.0006223184755071998,0.0013637163112988383,0.00025481393095105886,0.0005048513412475586,0.00024890858912840486,0.0,0.0,0.0,anisotropic
73,6.770828689384167e-12,0.01595125161111355,0.9845804572105408,0.9973194003105164,0.9910805225372314,0.005266970489174128,-1.3626818044180228e-13,1.0298945534283413e-13,-2.360240366865163e-16,3.4269667673411533e-15,6.218074015754138e-13,-0.00013626817963086069,0.00010298945562681183,0.0006218074122443795,0.0014139347058850233,0.00026723265182226896,0.000541388988494873,0.0002606359776109457,0.0,0.0,0.0,anisotropic
74,6.7658131701342494e-12,0.015947449952363968,0.9841079115867615,0.9974036812782288,0.9908825159072876,0.005521790590137243,-1.3623778212339122e-13,1.0291478769446777e-13,-2.3559737030911653e-16,3.4240891846610937e-15,6.212824308834963e-13,-0.00013623778067994863,0.00010291478974977508,0.00062128237914294,0.0014668232857750721,0.00028048671083524823,0.0005872845649719238,0.00027315845363773406,0.0,0.0,0.0,anisotropic
75,6.760606831301974e-12,0.01594351790845394,0.983610987663269,0.9974870681762695,0.9906710386276245,0.0057883248664438725,-1.3620678749378529e-13,1.0283874446459507e-13,-2.3515651612985027e-16,3.421131133851045e-15,6.20742715042033e-13,-0.0001362067851005122,0.00010283874144079164,0.0006207426777109504,0.0015225802494368914,0.00029486679704859853,0.0006355047225952148,0.00028647074941545725,0.0,0.0,0.0,anisotropic
76,6.75519709614214e-12,0.015939461067318916,0.9830873012542725,0.9975695013999939,0.9904454350471497,0.006067289970815182,-1.3617518300045733e-13,1.027613934158518e-13,-2.3470044182731303e-16,3.4180847798562447e-15,6.20186953008417e-13,-0.0001361751783406362,0.00010276139073539525,0.0006201869109645486,0.0015813879505142436,0.00030998565489426255,0.0006847977638244629,0.00030053150840103626,0.0,0.0,0.0,anisotropic
77,6.7495731226330236e-12,0.01593528874218464,0.9825265407562256,0.9976509213447571,0.9902046918869019,0.006359389051795006,-1.3614279246055433e-13,1.0268259224670284e-13,-2.3422824742899836e-16,3.4149465227866676e-15,6.196143316310188e-13,-0.00013614278577733785,0.00010268259211443365,0.0006196143222041428,0.0016434332946298387,0.00032585268490947783,0.0007342100143432617,0.00031531014246866107,0.0,0.0,0.0,anisotropic
78,6.743724936114637e-12,0.015931010246276855,0.9819309115409851,0.9977312684059143,0.9899479746818542,0.006665281485766172,-1.3610958876902196e-13,1.0260237483846607e-13,-2.337391123717386e-16,3.4117114922028666e-15,6.190240919683176e-13,-0.00013610959285870194,0.00010260237468173727,0.0006190240965224802,0.0017089060717778038,0.00034242236870341003,0.0007822513580322266,0.0003308015293441713,0.0,0.0,0.0,anisotropic
79,6.737641260884386e-12,0.01592663861811161,0.9813050031661987,0.9978104829788208,0.98967444896698,0.006985764484852552,-1.3607568034607748e-13,1.025206463234514e-13,-2.332321366830273e-16,3.408373970632448e-15,6.184150956080325e-13,-0.00013607568689621985,0.00010252064384985715,0.0006184151279740036,0.0017779813481816845,0.0003598143230192363,0.0008273124694824219,0.0003470867814030498,0.0,0.0,0.0,anisotropic
80,6.731309086516202e-12,0.0159221850335598,0.9806467890739441,0.997888445854187,0.9893831014633179,0.007321685552597046,-1.360410265341394e-13,1.0243737959660451e-13,-2.327062351019008e-16,3.404927605328307e-15,6.177860957176651e-13,-0.00013604102423414588,0.00010243737779092044,0.0006177861359901726,0.0018508252257529378,0.0003781240084208548,0.000868380069732666,0.00036418577656149864,0.0,0.0,0.0,anisotropic
81,6.724715402584014e-12,0.015917673707008362,0.9799536466598511,0.9979650974273682,0.9890727400779724,0.00767403282225132,-1.3600584417364225e-13,1.02352452685181e-13,-2.321601900184974e-16,3.401361808378603e-15,6.171354117838479e-13,-0.0001360058377031237,0.00010235245281364769,0.000617135432548821,0.0019276054894575704,0.0003974673163611442,0.0009045004844665527,0.00038199039408937097,0.0,0.0,0.0,anisotropic
82,6.717853270193919e-12,0.015913132578134537,0.9792221784591675,0.9980404376983643,0.9887422323226929,0.00804372038692236,-1.359700790544774e-13,1.0226599433818886e-13,-2.3159312793009023e-16,3.3976664153879694e-15,6.164611464527792e-13,-0.0001359700836474076,0.00010226599260931835,0.0006164610967971385,0.0020084980552123742,0.00041777058504521847,0.0009447932243347168,0.00040050444658845663,0.0,0.0,0.0,anisotropic
83,6.710707510515501e-12,0.01590859889984131,0.9784488677978516,0.9981145262718201,0.9883904457092285,0.008431695401668549,-1.359339480170793e-13,1.0217804521320956e-13,-2.3100383122681765e-16,3.39382850910396e-15,6.157606976392449e-13,-0.00013593395124189556,0.00010217804810963571,0.0006157606840133667,0.0020936776020154106,0.0004390628600958735,0.001012265682220459,0.0004198723181616515,0.0,0.0,0.0,anisotropic
84,6.703267281527037e-12,0.015904100611805916,0.9776301980018616,0.9981873035430908,0.9880161881446838,0.00883904192596674,-1.3589723422101352e-13,1.0208880182188684e-13,-2.3039094994991996e-16,3.389832419417051e-15,6.150314632580312e-13,-0.0001358972367597744,0.00010208880121354014,0.0006150315166451037,0.0021833137404411542,0.0004612323537003249,0.0010747313499450684,0.0004401375481393188,0.0,0.0,0.0,anisotropic
85,6.695516537036372e-12,0.015899665653705597,0.9767625331878662,0.9982587099075317,0.9876184463500977,0.009266695939004421,-1.3586018161176883e-13,1.0199849455718238e-13,-2.297531606104171e-16,3.3856658643495073e-15,6.142712206946843e-13,-0.00013586018758360296,0.00010199849202763289,0.000614271208178252,0.0022776097566382537,0.0004844052018597722,0.0011376738548278809,0.0004614675708580762,0.0,0.0,0.0,anisotropic
86,6.687440098213093e-12,0.015895327553153038,0.9758421778678894,0.9983288049697876,0.9871960878372192,0.009715685620903969,-1.3582281729439954e-13,1.0190731315447635e-13,-2.290891132495493e-16,3.381319314780672e-15,6.134780725954025e-13,-0.00013582281826529652,0.00010190730972681195,0.0006134780705906451,0.002376825851988274,0.0005088815232738853,0.0012034773826599121,0.0004840468754991889,0.0,0.0,0.0,anisotropic
87,6.679018449418095e-12,0.01589110866189003,0.9748554825782776,0.9983974099159241,0.9867480993270874,0.010186941362917423,-1.3578576468515485e-13,1.0181503399707068e-13,-2.2839735202943856e-16,3.3767851474140196e-15,6.126506637074702e-13,-0.0001357857690891251,0.00010181503603234887,0.0006126506486907601,0.0024812823625443093,0.0005344616947695613,0.0012797713279724121,0.0005080268601886928,0.0,0.0,0.0,anisotropic
88,6.6702251361183684e-12,0.015887048095464706,0.973809003829956,0.9984645843505859,0.9862732887268066,0.01068138238042593,-1.3574962009522962e-13,1.0172143346826729e-13,-2.2767618288419033e-16,3.37205806829363e-15,6.11788180879258e-13,-0.00013574962213169783,0.0001017214308376424,0.0006117881857790053,0.0025914341059090117,0.0005609251093119383,0.001365363597869873,0.0005335962050594389,0.0,0.0,0.0,anisotropic
89,6.661034137461774e-12,0.01588319055736065,0.972698450088501,0.9985303282737732,0.9857708215713501,0.011199861764907837,-1.3571549483185064e-13,1.016260440058793e-13,-2.269239382176897e-16,3.3671391362106876e-15,6.108906241107659e-13,-0.0001357154978904873,0.00010162604303332046,0.0006108906818553805,0.002707878396740104,0.0005878628580830991,0.0014491677284240723,0.0005608987412415445,0.0,0.0,0.0,anisotropic
90,6.651411192659662e-12,0.015879567712545395,0.9715172648429871,0.9985945224761963,0.9852399826049805,0.011742939241230488,-1.356849338831137e-13,1.0152871653210799e-13,-2.2613820927999293e-16,3.3620319510552178e-15,6.09958698133406e-13,-0.00013568493886850774,0.00010152871982427314,0.000609958718996495,0.002831465189628125,0.0006148777902126312,0.0015516281127929688,0.0005905398284085095,0.0,0.0,0.0,anisotropic
91,6.64131380098687e-12,0.015876196324825287,0.9702566862106323,0.9986571669578552,0.9846807718276978,0.012310931459069252,-1.35660471571597e-13,1.0142928841662749e-13,-2.2531648144203786e-16,3.3567481595302455e-15,6.089944087211974e-13,-0.00013566047709900886,0.00010142928658751771,0.0006089943926781416,0.002963389404161447,0.0006413925439119339,0.0016841888427734375,0.0006234066095203161,0.0,0.0,0.0,anisotropic
92,6.630691655462595e-12,0.015873070806264877,0.9689157009124756,0.99871826171875,0.984093189239502,0.012903773225843906,-1.3564580773721413e-13,1.0132745472757679e-13,-2.2445547245115386e-16,3.351305337569426e-15,6.080009542705489e-13,-0.00013564580876845866,0.0001013274522847496,0.0006080009625293314,0.0031052353465989353,0.0006698657525703311,0.0018146634101867676,0.0006616928149014711,0.0,0.0,0.0,anisotropic
93,6.619487076531261e-12,0.015870220959186554,0.9674889445304871,0.9987777471542358,0.983477771282196,0.013521772809326649,-1.356452656361279e-13,1.012232425700102e-13,-2.235514765381967e-16,3.3457229669305467e-15,6.069818042284125e-13,-0.00013564527034759521,0.00010122324601979926,0.0006069818045943975,0.0032588107968416153,0.0007068775594234467,0.0019382238388061523,0.0007081021904014051,0.0,0.0,0.0,anisotropic
94,6.607640216232946e-12,0.015867717564105988,0.9659696221351624,0.998835563659668,0.9828346967697144,0.014166663400828838,-1.356634937851528e-13,1.0111726858391332e-13,-2.2260052323622615e-16,3.340014811899e-15,6.059392896294591e-13,-0.00013566348934546113,0.00010111727169714868,0.0006059393053874373,0.0034256822925722036,0.0007492498843930662,0.0020513534545898438,0.0007639002869836986,0.0,0.0,0.0,anisotropic
95,6.59509990022511e-12,0.015865741297602654,0.9643498063087463,0.9988917112350464,0.9821634888648987,0.014842018485069275,-1.3570463925759862e-13,1.010101019754267e-13,-2.2159890677609794e-16,3.3341757902771024e-15,6.048727057422765e-13,-0.00013570464216172695,0.00010101010411744937,0.000604872708208859,0.0036067181065266335,0.0007951392908580601,0.0021813511848449707,0.0008260975009761751,0.0,0.0,0.0,anisotropic
96,6.581826229867804e-12,0.015864506363868713,0.9626190662384033,0.9989462494850159,0.9814611673355103,0.015554099343717098,-1.357695829677305e-13,1.0090311154979312e-13,-2.2054300079800665e-16,3.328164185692202e-15,6.037741921011142e-13,-0.00013576958735939115,0.0001009031111607328,0.0006037742132321,0.003801566279808268,0.0008449528831988573,0.002337157726287842,0.0008894035709090531,0.0,0.0,0.0,anisotropic
97,6.567787112776724e-12,0.015864359214901924,0.9607683420181274,0.9989991784095764,0.9807220697402954,0.016310544684529305,-1.3585711874063156e-13,1.0079587717867072e-13,-2.1942894071413043e-16,3.3219071533108343e-15,6.026307382799023e-13,-0.00013585711712948978,0.00010079587809741497,0.0006026307237334549,0.004009065107195726,0.0008939523249864578,0.002529919147491455,0.0009469829383306205,0.0,0.0,0.0,anisotropic
98,6.552955660737991e-12,0.015865575522184372,0.9587869644165039,0.9990504384040833,0.9799387454986572,0.017118096351623535,-1.3595740744158646e-13,1.0068593907838069e-13,-2.1825099581718551e-16,3.315252227202494e-15,6.01414642913134e-13,-0.00013595740892924368,0.00010068593837786466,0.0006014146492816508,0.004226956586644758,0.0009428749326616526,0.0028246641159057617,0.001001924742013216,0.0,0.0,0.0,anisotropic
99,6.537287638302969e-12,0.015868525952100754,0.9566643238067627,0.9991000294685364,0.9791039824485779,0.01798188127577305,-1.3605872613460523e-13,1.005665819717172e-13,-2.1700335599054933e-16,3.308073622974514e-15,6.001032461754041e-13,-0.00013605871936306357,0.0001005665835691616,0.0006001031724736094,0.004453231047566159,0.0009917581919580698,0.0031679272651672363,0.0010613846825435758,0.0,0.0,0.0,anisotropic
100,6.520736207937805e-12,0.015873296186327934,0.9543866515159607,0.9991480112075806,0.9782149791717529,0.01890326291322708,-1.3614357850712938e-13,1.0042986407776677e-13,-2.1567904644729683e-16,3.300214216015178e-15,5.986678709192506e-13,-0.00013614357158076018,0.00010042986104963347,0.0005986678879708052,0.004685663102307495,0.0010449140099808574,0.0035016536712646484,0.0011325262021273375,0.0,0.0,0.0,anisotropic
101,6.503263205726029e-12,0.015880415216088295,0.951947033405304,0.9991942048072815,0.9772718548774719,0.01988622359931469,-1.3621191034905028e-13,1.0027007300633314e-13,-2.1427886128081607e-16,3.2917390161031884e-15,5.971204433685706e-13,-0.0001362119073746726,0.00010027007374446839,0.0005971204955130816,0.004924264994349286,0.0011019795201718807,0.0038613080978393555,0.0012169856345281005,0.0,0.0,0.0,anisotropic
102,6.484852585475487e-12,0.01588987186551094,0.9493191838264465,0.9992388486862183,0.97627854347229,0.020933443680405617,-1.3625777210094642e-13,1.0008754757059521e-13,-2.1280172846503318e-16,3.282599107085841e-15,5.954521272756585e-13,-0.0001362577750114724,0.00010008754907175899,0.0005954521475359797,0.00516836397649405,0.0011639983858913183,0.004056274890899658,0.0013096205657348037,0.0,0.0,0.0,anisotropic
103,6.46547832633404e-12,0.015902601182460785,0.9465038180351257,0.999281644821167,0.9752407073974609,0.022053491324186325,-1.3630914973139507e-13,9.988615024079245e-14,-2.1125662125523313e-16,3.2730763391763344e-15,5.937139343527298e-13,-0.00013630914327222854,9.988615056499839e-05,0.0005937138921581209,0.005420577778465366,0.001239156350493431,0.004194796085357666,0.0014146130997687578,0.0,0.0,0.0,anisotropic
104,6.445117443215631e-12,0.015918897464871407,0.943475604057312,0.9993228316307068,0.9741607308387756,0.02325293980538845,-1.3636407812395862e-13,9.96728402396195e-14,-2.0964147500860699e-16,3.263084103255812e-15,5.918901436682833e-13,-0.00013636407675221562,9.967284131562337e-05,0.0005918901297263801,0.005679558916839256,0.0013232838828116655,0.004305601119995117,0.0015236515318974853,0.0,0.0,0.0,anisotropic
105,6.423730471161182e-12,0.015939798206090927,0.940234899520874,0.9993621706962585,0.9730367660522461,0.02454282157123089,-1.3644764300640294e-13,9.945209667730145e-14,-2.0796421742414546e-16,3.252850039428849e-15,5.900219549048735e-13,-0.00013644764840137213,9.945209603756666e-05,0.0005900218966417015,0.005945728964042891,0.001414281316101551,0.004535853862762451,0.001641059061512351,0.0,0.0,0.0,anisotropic
106,6.401308302872444e-12,0.0159662663936615,0.9367552399635315,0.9993998408317566,0.9718644618988037,0.025928441435098648,-1.3654588527575728e-13,9.922469882414978e-14,-2.0622200300054138e-16,3.242230575610885e-15,5.880835098406867e-13,-0.00013654588838107884,9.922470053425059e-05,0.0005880835233256221,0.006215593473456265,0.0015049411449581385,0.0049103498458862305,0.0017596129328012466,0.0,0.0,0.0,anisotropic
107,6.3778496373068094e-12,0.015999065712094307,0.9330028295516968,0.99943608045578,0.9706366062164307,0.027415413409471512,-1.366456183230988e-13,9.898979964721721e-14,-2.044144611608803e-16,3.2311676900450333e-15,5.860642375045411e-13,-0.00013664561265613884,9.898979624267668e-05,0.0005860641831532121,0.006485483080522139,0.0015893117524683475,0.005575001239776611,0.0018730335868895054,0.0,0.0,0.0,anisotropic
108,6.353357076549493e-12,0.01603974774479866,0.9289770126342773,0.999470591545105,0.9693464636802673,0.02900504693388939,-1.3673639314999014e-13,9.874706033332487e-14,-2.0254296833370153e-16,3.2196986521809733e-15,5.839709141600147e-13,-0.0001367363875033334,9.87470630207099e-05,0.000583970919251442,0.006752622112083998,0.0016665381845086813,0.006266176700592041,0.0019860542379319668,0.0,0.0,0.0,anisotropic
109,6.327838860537005e-12,0.016088541597127914,0.9246581196784973,0.999503493309021,0.9679961800575256,0.030690332874655724,-1.3679537374817335e-13,9.849787001650623e-14,-2.0060233644220312e-16,3.207638173561493e-15,5.817699837498691e-13,-0.0001367953809676692,9.849786874838173e-05,0.0005817700293846428,0.007014769306108609,0.0017262013861909509,0.0069283246994018555,0.00209650956094265,0.0,0.0,0.0,anisotropic
110,6.301283279885883e-12,0.016146497800946236,0.9200071096420288,0.9995347857475281,0.9665958881378174,0.032461848109960556,-1.3683817262893222e-13,9.825074646007889e-14,-1.9860159168122926e-16,3.195207965060536e-15,5.795018328050294e-13,-0.00013683817815035582,9.825074812397361e-05,0.0005795018514618278,0.0072751829211692215,0.0017835849430412054,0.007564723491668701,0.0022190988529473543,0.0,0.0,0.0,anisotropic
111,6.273693804043079e-12,0.01621411368250847,0.9150234460830688,0.9995644688606262,0.9651607275009155,0.034304454922676086,-1.3686016838050652e-13,9.80129267135442e-14,-1.9654343396829932e-16,3.182340687558796e-15,5.771540472106207e-13,-0.00013686016609426588,9.801292617339641e-05,0.000577154045458883,0.007536154224625478,0.0018621311755850911,0.008115947246551514,0.002368239453062415,0.0,0.0,0.0,anisotropic
112,6.245065228838165e-12,0.016290612518787384,0.9096813201904297,0.999592661857605,0.9637079238891602,0.03620940446853638,-1.3686271625561186e-13,9.778876113811924e-14,-1.944371806658331e-16,3.169042905561614e-15,5.747280364294671e-13,-0.00013686271267943084,9.778876119526103e-05,0.0005747280083596706,0.0077983912620122504,0.0019469511462375522,0.008656203746795654,0.002541064517572522,0.0,0.0,0.0,anisotropic
113,6.215400590037223e-12,0.016375567764043808,0.903961718082428,0.9996194243431091,0.9622416496276855,0.038180604577064514,-1.3684772716057725e-13,9.758186148229112e-14,-1.923017047266866e-16,3.1554649674171275e-15,5.722512307765326e-13,-0.00013684772420674562,9.758186206454411e-05,0.0005722512141801417,0.008057071137966039,0.0020310073159635067,0.00901174545288086,0.0027287218254059553,0.0,0.0,0.0,anisotropic
114,6.184761470323652e-12,0.016467293724417686,0.8978402018547058,0.9996446967124939,0.960761308670044,0.040229711681604385,-1.3680299026843507e-13,9.739186860409019e-14,-1.901586716654638e-16,3.141596285213496e-15,5.697218413182326e-13,-0.00013680299161933362,9.739186498336494e-05,0.0005697218584828079,0.008300842522053242,0.0021232967264950275,0.009304285049438477,0.002915754448622465,0.0,0.0,0.0,anisotropic
115,6.153206416614765e-12,0.016563590615987778,0.8912923336029053,0.999668538570404,0.9592516422271729,0.0423709936439991,-1.367241010078596e-13,9.721527239898303e-14,-1.8804112900199746e-16,3.127573654771701e-15,5.671650215449686e-13,-0.00013672410568688065,9.72152702161111e-05,0.0005671650287695229,0.00851432890627448,0.0022387304343283176,0.009445905685424805,0.003110688179731369,0.0,0.0,0.0,anisotropic
116,6.120815659871326e-12,0.01666414365172386,0.8842383027076721,0.9996910691261292,0.9577091336250305,0.044611696153879166,-1.3660860637143557e-13,9.704314852783738e-14,-1.8598133016273222e-16,3.113572623670061e-15,5.646128638410464e-13,-0.0001366086071357131,9.704315016278997e-05,0.000564612855669111,0.008683673646958068,0.0023746341466903687,0.01234978437423706,0.003339555114507675,0.0,0.0,0.0,anisotropic
117,6.0877136665027365e-12,0.016769206151366234,0.87669837474823,0.9997122287750244,0.9561101794242859,0.04695825278759003,-1.364423168632306e-13,9.687937301341987e-14,-1.840032435330974e-16,3.0996052621280745e-15,5.620676992411366e-13,-0.00013644232240039855,9.687937563285232e-05,0.0005620677256956697,0.008794968347047011,0.0024829397443681955,0.014897286891937256,0.003578915260732174,0.0,0.0,0.0,anisotropic
118,6.054102531793948e-12,0.016878854483366013,0.8686459064483643,0.9997320175170898,0.9544748067855835,0.049416832625865936,-1.3622337578702431e-13,9.673488952140902e-14,-1.8210514857741893e-16,3.0857156158589985e-15,5.595376050514245e-13,-0.00013622337428387254,9.673488966654986e-05,0.000559537555091083,0.008846726062801439,0.002618003636598587,0.019388914108276367,0.0038736527785658836,0.0,0.0,0.0,anisotropic
119,6.0200186849379556e-12,0.01699559949338436,0.8601129651069641,0.9997503757476807,0.9527658820152283,0.0519694946706295,-1.35962055958401e-13,9.663952716407534e-14,-1.8027093843480914e-16,3.0721300544179868e-15,5.570630762230522e-13,-0.00013596205099020153,9.663952369010076e-05,0.0005570630892179906,0.008847269380892479,0.002691541099920869,0.0205114483833313,0.004075102973729372,0.0,0.0,0.0,anisotropic
120,5.985650343431903e-12,0.017116857692599297,0.8510421514511108,0.999768078327179,0.9510489702224731,0.05463012680411339,-1.3564743404047286e-13,9.661175803593255e-14,-1.7845827469279514e-16,3.0586872180285874e-15,5.546146766670368e-13,-0.00013564743858296424,9.661175863584504e-05,0.0005546147003769875,0.008790416649061977,0.0028745513409376144,0.021379411220550537,0.0043951342813670635,0.0,0.0,0.0,anisotropic
121,5.950926383613275e-12,0.017243780195713043,0.8414732813835144,0.9997849464416504,0.9492987394332886,0.05734042078256607,-1.352995000107951e-13,9.6661597454549e-14,-1.7665970610841904e-16,3.0460948027182314e-15,5.523201796094057e-13,-0.000135299502289854,9.666159894550219e-05,0.0005523202125914395,0.008697194408423665,0.003016842994838953,0.02096158266067505,0.004636511672288179,0.0,0.0,0.0,anisotropic
122,5.916004665318386e-12,0.017374921590089798,0.8314032554626465,0.999800443649292,0.9475548267364502,0.06012985482811928,-1.3487881601534357e-13,9.678195744822204e-14,-1.748745444674112e-16,3.0344747812313232e-15,5.502015943542604e-13,-0.00013487882097251713,9.678195783635601e-05,0.000550201628357172,0.008568616005584874,0.003208866808563471,0.025372445583343506,0.005025618243962526,0.0,0.0,0.0,anisotropic
123,5.8808283763533975e-12,0.01751122996211052,0.8207849264144897,0.9998146891593933,0.9458275437355042,0.06298378109931946,-1.3440379993852336e-13,9.693759467008234e-14,-1.7311429088900856e-16,3.0246091767364156e-15,5.484004634952189e-13,-0.00013440380280371755,9.693759784568101e-05,0.0005484004504978657,0.008441202151256662,0.0034149200655519962,0.030436158180236816,0.005466299131512642,0.0,0.0,0.0,anisotropic
124,5.845424838613056e-12,0.017655322328209877,0.8097414374351501,0.999828040599823,0.9441336393356323,0.06591326743364334,-1.3391718289845755e-13,9.707150041464788e-14,-1.7141036500159832e-16,3.0172033559203344e-15,5.470445060481999e-13,-0.00013391718675848097,9.707149729365483e-05,0.0005470444448292255,0.008336470655922384,0.0035516046918928623,0.03122323751449585,0.005761066917330027,0.0,0.0,0.0,anisotropic
125,5.810088521407408e-12,0.017806489020586014,0.7983224987983704,0.9998405575752258,0.9424947500228882,0.06894458085298538,-1.3340190226345666e-13,9.713443835076066e-14,-1.697878601562429e-16,3.0120622894469744e-15,5.460987564931408e-13,-0.0001334019034402445,9.713444160297513e-05,0.0005460987449623644,0.008254231264171902,0.0036206883378326893,0.032542526721954346,0.005908964667469263,0.0,0.0,0.0,anisotropic
126,5.775244431988069e-12,0.017963066697120667,0.7861819267272949,0.9998521208763123,0.9408960342407227,0.07203556597232819,-1.328658184992712e-13,9.708020791334565e-14,-1.6829054413351372e-16,3.0087931657870465e-15,5.4549274168883e-13,-0.0001328658254351467,9.708020661491901e-05,0.0005454927450045943,0.008179911037663,0.0036611962132155895,0.034060001373291016,0.0059436927549541,0.0,0.0,0.0,anisotropic
127,5.741440309292578e-12,0.01812497153878212,0.7735122442245483,0.9998629093170166,0.9392879009246826,0.07513635605573654,-1.3231664299385298e-13,9.688776202772947e-14,-1.6695734074431505e-16,3.006623067376181e-15,5.450871416561032e-13,-0.00013231663615442812,9.688776481198147e-05,0.0005450871540233493,0.008078850718990303,0.0036856760270893574,0.03142911195755005,0.005951741244643927,0.0,0.0,0.0,anisotropic
128,5.708995776121384e-12,0.01829255372285843,0.7601274251937866,0.9998729228973389,0.9376134872436523,0.07822789251804352,-1.3175624599594954e-13,9.656168822435446e-14,-1.6572056676220537e-16,3.0043265492979377e-15,5.446596407394921e-13,-0.00013175624189898372,9.656168549554422e-05,0.0005446596187539399,0.007956864064488742,0.0036982628516852856,0.029407262802124023,0.00604548305273056,0.0,0.0,0.0,anisotropic
129,5.677470646392457e-12,0.01845502108335495,0.7463395595550537,0.9998821020126343,0.9358359575271606,0.08129148930311203,-1.3122071788537748e-13,9.613714175866345e-14,-1.6431929633476094e-16,3.0010574256380098e-15,5.440548727676797e-13,-0.0001312207168666646,9.613714064471424e-05,0.0005440548993647099,0.007869502504215014,0.003716937731951475,0.035591304302215576,0.006312693003565073,0.0,0.0,0.0,anisotropic
130,5.645920363173129e-12,0.018596015870571136,0.7320996522903442,0.9998900890350342,0.9340217113494873,0.08423343300819397,-1.3073891199245208e-13,9.566135318779534e-14,-1.623172413196968e-16,2.996995055622978e-15,5.433009185769333e-13,-0.0001307389175053686,9.566135122440755e-05,0.0005433009355328977,0.007901016976056857,0.003832243150100112,0.04340106248855591,0.006796841509640217,0.0,0.0,0.0,anisotropic
131,5.614493245320595e-12,0.01874336414039135,0.7173243165016174,0.9998970031738281,0.9323045611381531,0.0869688019156456,-1.303459158099804e-13,9.518332844994648e-14,-1.5956196225628676e-16,2.9937892476758574e-15,5.426946327220794e-13,-0.0001303459139307961,9.518332808511332e-05,0.000542694644536823,0.008157124021655013,0.003860692959278822,0.049064040184020996,0.006944348104298115,0.0,0.0,0.0,anisotropic
132,5.5836689438759635e-12,0.01894456148147583,0.7020565867424011,0.9999035000801086,0.9305748343467712,0.0897589698433876,-1.3021040409094686e-13,9.47703084086017e-14,-1.5699109814736175e-16,2.9926031897914646e-15,5.424556745632636e-13,-0.00013021040649618953,9.47703083511442e-05,0.0005424557020887733,0.008689174402058365,0.003728779498487711,0.04640990495681763,0.006594263017177582,0.0,0.0,0.0,anisotropic
133,5.5511272661901145e-12,0.019161337986588478,0.6867122650146484,0.9999101161956787,0.9285911917686462,0.09292684495449066,-1.3046589633289307e-13,9.438893351816635e-14,-1.556313985087818e-16,2.9900381622689418e-15,5.419791677084562e-13,-0.00013046589447185397,9.438893175683916e-05,0.0005419791559688747,0.008684530890557044,0.003856529016047716,0.03940153121948242,0.006693724077194929,0.0,0.0,0.0,anisotropic
134,5.5179168526042766e-12,0.019337743520736694,0.6711318492889404,0.999916672706604,0.9265530705451965,0.09618835896253586,-1.3099317095442709e-13,9.394251327364544e-14,-1.5510311464749112e-16,2.9856856834694755e-15,5.411874832821073e-13,-0.00013099316856823862,9.394251537742093e-05,0.0005411874153651297,0.008603873183630368,0.003936138469725847,0.046311259269714355,0.006925164721906185,0.0,0.0,0.0,anisotropic
135,5.484582839970775e-12,0.01947840489447117,0.6548249125480652,0.9999226331710815,0.9247303605079651,0.09920996427536011,-1.3157897894074816e-13,9.340548760882264e-14,-1.5412575774036787e-16,2.9798426384410786e-15,5.401219835970972e-13,-0.00013157898501958698,9.340548422187567e-05,0.0005401219823397696,0.008993257702264468,0.004163797944784164,0.054884374141693115,0.007360540330410004,0.0,0.0,0.0,anisotropic
136,5.450355878428015e-12,0.01966414973139763,0.6380118131637573,0.9999282360076904,0.9231089353561401,0.10204548388719559,-1.3205335804879204e-13,9.288126908216232e-14,-1.51975021973281e-16,2.9723627022421126e-15,5.387498173275995e-13,-0.0001320533629041165,9.288126602768898e-05,0.0005387497367337346,0.009370925457913869,0.004430260509252548,0.05832880735397339,0.007747655268758535,0.0,0.0,0.0,anisotropic
137,5.416459381707428e-12,0.019992241635918617,0.6209876537322998,0.9999334216117859,0.9213218092918396,0.10516351461410522,-1.3246362015086055e-13,9.244533171739663e-14,-1.4986680990712424e-16,2.9670217359932007e-15,5.377648738640051e-13,-0.00013246362505014986,9.24453343031928e-05,0.0005377648631110787,0.010011051984556832,0.004715513437986374,0.05660378932952881,0.008016157895326614,0.0,0.0,0.0,anisotropic
138,5.381087936351392e-12,0.02044185996055603,0.603598952293396,0.999938428401947,0.9189135432243347,0.10906407982110977,-1.3297326293456452e-13,9.214802992917395e-14,-1.4885771573425855e-16,2.96238910104643e-15,5.369181119672939e-13,-0.00013297326222527772,9.214803139911965e-05,0.0005369181162677705,0.010029795733120206,0.005077702924609184,0.05403792858123779,0.008463947102427483,0.0,0.0,0.0,anisotropic
139,5.345418985919226e-12,0.02088986709713936,0.5859682559967041,0.999943196773529,0.9160711169242859,0.11354555189609528,-1.3337131420966541e-13,9.202323148285729e-14,-1.4808748485251857e-16,2.9570568168852274e-15,5.359471005016159e-13,-0.00013337131531443447,9.202323417412117e-05,0.0005359470960684121,0.009638215532006864,0.005195860750973225,0.051967740058898926,0.008797256276011467,0.0,0.0,0.0,anisotropic
140,5.309650288887191e-12,0.0212759617716074,0.5674277544021606,0.9999475479125977,0.9135550856590271,0.11789612472057343,-1.333876992149971e-13,9.173348522852412e-14,-1.4627904304035104e-16,2.949439026074096e-15,5.345535754493203e-13,-0.0001333877007709816,9.173348371405154e-05,0.0005345535464584827,0.009340909870016505,0.0052645159885287285,0.051355838775634766,0.009104966185986996,0.0,0.0,0.0,anisotropic
141,5.273365511621053e-12,0.021703749895095825,0.5488194227218628,0.9999515414237976,0.9116530418395996,0.12179236114025116,-1.3312540360441855e-13,9.110500711045216e-14,-1.4366631697498595e-16,2.9404850407886707e-15,5.329114428388737e-13,-0.0001331254024989903,9.110500832321122e-05,0.0005329114501364529,0.009545449913426315,0.0052485596388578415,0.055078327655792236,0.009065238758921623,0.0,0.0,0.0,anisotropic
142,5.2363903144114765e-12,0.022220687940716743,0.5304130911827087,0.9999551773071289,0.909630298614502,0.12573206424713135,-1.3261817317054836e-13,9.064940502878302e-14,-1.4101415093801433e-16,2.930812559805737e-15,5.311393685980548e-13,-0.00013261816638987511,9.064940240932629e-05,0.0005311393761076033,0.009906951579552235,0.005413461942225695,0.06075155735015869,0.009354012086987495,0.0,0.0,0.0,anisotropic
143,5.1978785858830534e-12,0.02278333716094494,0.5117111206054688,0.9999585151672363,0.9071108102798462,0.12983956933021545,-1.3196961698349469e-13,9.050597863389034e-14,-1.3783809502316592e-16,2.9202223186244533e-15,5.291971830363729e-13,-0.00013196961663197726,9.05059787328355e-05,0.0005291971610859036,0.010214618086470497,0.00567812193185091,0.06648522615432739,0.0099983811378479,0.0,0.0,0.0,anisotropic
144,5.1581581887727435e-12,0.023518601432442665,0.4933817982673645,0.9999614953994751,0.904326319694519,0.13388611376285553,-1.3156194341411298e-13,9.02371100476411e-14,-1.339988255455072e-16,2.910767313350727e-15,5.274551411957318e-13,-0.00013156194472685456,9.023711027111858e-05,0.0005274551804177463,0.010859945010859653,0.005828695371747017,0.06489682197570801,0.010311688296496868,0.0,0.0,0.0,anisotropic
145,5.118018855942985e-12,0.024395566433668137,0.4751642346382141,0.9999642968177795,0.9008029103279114,0.13867710530757904,-1.3142874917722314e-13,8.979553483157848e-14,-1.317852902263153e-16,2.9030404670476366e-15,5.260396068393347e-13,-0.00013142875104676932,8.979553240351379e-05,0.0005260396283119917,0.01064850533886518,0.0062986211851239204,0.06917071342468262,0.010968574322760105,0.0,0.0,0.0,anisotropic
146,5.080903579812723e-12,0.025219760835170746,0.4567233920097351,0.9999669194221497,0.89689040184021,0.14406706392765045,-1.318386860186399e-13,8.896190533368153e-14,-1.318648980884674e-16,2.898802125937813e-15,5.252738890550168e-13,-0.00013183869305066764,8.896190411178395e-05,0.000525273906532675,0.009610920355089717,0.006275984458625317,0.07541948556900024,0.01110561192035675,0.0,0.0,0.0,anisotropic
147,5.050307394505182e-12,0.025882355868816376,0.4381530284881592,0.9999693632125854,0.8935493230819702,0.14917007088661194,-1.3236783088892146e-13,8.781904782366456e-14,-1.331114394192501e-16,2.9014675268645854e-15,5.257661710514339e-13,-0.00013236782979220152,8.781904762145132e-05,0.0005257661687210202,0.0094694051748171,0.005842396058142185,0.07913190126419067,0.010451531037688255,0.0,0.0,0.0,anisotropic
148,5.0235171925039346e-12,0.026266854256391525,0.4197625517845154,0.9999716281890869,0.8911625742912292,0.15365713834762573,-1.3197124328675341e-13,8.70269161639195e-14,-1.350611769149315e-16,2.9076260916658346e-15,5.268960723454896e-13,-0.00013197124644648284,8.702691411599517e-05,0.0005268960376270115,0.008844774900117905,0.005362788215279579,0.07057976722717285,0.01002797856926918,0.0,0.0,0.0,anisotropic
149,4.996984163258e-12,0.02645193226635456,0.4034436345100403,0.9999735355377197,0.8901016712188721,0.15705378353595734,-1.310529511517125e-13,8.641546679621914e-14,-1.363229648387648e-16,2.9057120089632767e-15,5.26560565983214e-13,-0.00013105294783599675,8.641546446597204e-05,0.0005265605868771672,0.007995676973431367,0.00505461823195219,0.07460367679595947,0.009690864942967892,0.0,0.0,0.0,anisotropic
